Category,NMI,ARI,F1
tile,0.6134556519260068,0.5283835208863148,0.7380952380952381
wood,0.1023635879220095,0.005801632530269594,0.3333333333333333
